[{"model": "store.product", "pk": 1, "fields": {"product_name": "Ps5", "slug": "ps5", "description": "PS5: Cutting-edge gaming console with stunning graphics, lightning-fast load times, and an extensive game library.", "price": 400, "image": "images/products/PS5.jpg", "stock": 5, "is_available": true, "category": 1, "created_date": "2023-11-16T05:22:40.797Z", "modified_date": "2023-11-16T05:22:40.797Z"}}, {"model": "store.product", "pk": 2, "fields": {"product_name": "PS4", "slug": "ps4", "description": "PS4: Popular gaming console with great games", "price": 250, "image": "images/products/PS4.jpg", "stock": 3, "is_available": true, "category": 1, "created_date": "2023-11-17T14:13:34.249Z", "modified_date": "2023-11-17T14:13:34.249Z"}}, {"model": "store.product", "pk": 3, "fields": {"product_name": "xbox one s", "slug": "xbox-one-s", "description": "Gaming console with diverse titles.", "price": 300, "image": "images/products/XboxOnes.jpg", "stock": 0, "is_available": true, "category": 1, "created_date": "2023-11-16T05:22:25.428Z", "modified_date": "2023-11-16T05:22:25.428Z"}}, {"model": "store.product", "pk": 4, "fields": {"product_name": "xbox one x", "slug": "xbox-one-x", "description": "Xbox One X: Powerful gaming with 4K visuals.", "price": 500, "image": "images/products/xboxonex.jpg", "stock": 3, "is_available": true, "category": 1, "created_date": "2023-11-16T05:22:16.981Z", "modified_date": "2023-11-16T05:22:16.981Z"}}, {"model": "store.product", "pk": 5, "fields": {"product_name": "Apple", "slug": "apple", "description": "Apple is product of fruit Per KG", "price": 2, "image": "images/products/apple.jpg", "stock": 12, "is_available": true, "category": 3, "created_date": "2023-11-16T15:38:38.794Z", "modified_date": "2023-11-16T15:38:38.794Z"}}, {"model": "store.product", "pk": 6, "fields": {"product_name": "Iphone", "slug": "iphone", "description": "Iphone", "price": 500, "image": "images/products/Iphone.jpg", "stock": 10, "is_available": true, "category": 2, "created_date": "2023-11-17T14:08:54.106Z", "modified_date": "2023-11-17T14:08:54.106Z"}}, {"model": "store.variation", "pk": 5, "fields": {"product": 2, "variation_category": "size", "variation_value": "Slim", "is_active": true, "created_date": "2023-11-09T17:35:52.245Z"}}, {"model": "store.variation", "pk": 6, "fields": {"product": 2, "variation_category": "size", "variation_value": "Fat", "is_active": true, "created_date": "2023-11-09T17:36:10.045Z"}}, {"model": "store.variation", "pk": 7, "fields": {"product": 2, "variation_category": "size", "variation_value": "Pro", "is_active": true, "created_date": "2023-11-09T17:36:19.014Z"}}, {"model": "store.variation", "pk": 8, "fields": {"product": 1, "variation_category": "size", "variation_value": "Physical", "is_active": true, "created_date": "2023-11-09T17:36:31.190Z"}}, {"model": "store.variation", "pk": 9, "fields": {"product": 1, "variation_category": "size", "variation_value": "digital", "is_active": true, "created_date": "2023-11-09T17:36:41.925Z"}}, {"model": "store.reviewrating", "pk": 1, "fields": {"product": 5, "user": 33, "subject": "fresh apple", "review": "best apple", "rating": 3.5, "ip": "127.0.0.1", "status": true, "created_at": "2023-11-16T14:52:30.279Z", "updated_at": "2023-11-16T15:11:22.446Z"}}, {"model": "store.productgallery", "pk": 2, "fields": {"product": 2, "image": "store/products/Uncharted_3_Drakes_Deception.jpg"}}, {"model": "store.productgallery", "pk": 3, "fields": {"product": 2, "image": "store/products/TheLastofUs.jpg"}}, {"model": "store.productgallery", "pk": 4, "fields": {"product": 2, "image": "store/products/Uncharted_4_A_Thiefs_End_i9tD5F7.jpg"}}, {"model": "accounts.account", "pk": 1, "fields": {"password": "pbkdf2_sha256$600000$8D8J1Uy1Dc96jA6p1SG97U$qwGvbBLglEzwGrS+R/k9H7AQ9dILtBc21HMj1Q+h3t8=", "first_name": "Mudassar", "last_name": "Bagwan", "username": "Mudassar", "email": "mudassarbagwan26@gmail.com", "phone_number": "", "date_joined": "2023-11-03T10:39:38.176Z", "last_login": "2023-11-17T15:54:49.624Z", "is_admin": true, "is_staff": true, "is_active": true, "is_superadmin": true}}, {"model": "accounts.account", "pk": 33, "fields": {"password": "pbkdf2_sha256$600000$MkPeGRmqFLG8IvFZJxKdYK$Kq6OG3avr8jkOq3xrUbFSDGzEzg3+bOqbB6R4449Nc0=", "first_name": "msb", "last_name": "bagwan", "username": "mudassarpython", "email": "mudassarpython@gmail.com", "phone_number": "+917276803113", "date_joined": "2023-11-13T14:17:17.460Z", "last_login": "2023-11-17T15:49:31.346Z", "is_admin": false, "is_staff": false, "is_active": true, "is_superadmin": false}}, {"model": "accounts.userprofile", "pk": 1, "fields": {"user": 33, "address_line_1": "Kondhwa", "address_line_2": "kondhwa", "profile_picture": "userprofile/Uncharted_3_Drakes_Deception.jpg", "city": "Pune", "state": "Maharastra", "country": "India"}}, {"model": "accounts.userprofile", "pk": 2, "fields": {"user": 1, "address_line_1": "Kondhwa", "address_line_2": "kondhwa", "profile_picture": "userprofile/TheLastofUsPartII.jpg", "city": "Pune", "state": "Maharastra", "country": "India"}}, {"model": "category.category", "pk": 1, "fields": {"category_name": "Console", "slug": "console", "description": "console", "cat_image": "images/categories/console.jpg"}}, {"model": "category.category", "pk": 2, "fields": {"category_name": "phone", "slug": "phone", "description": "Phone", "cat_image": "images/categories/Iphone.jpg"}}, {"model": "category.category", "pk": 3, "fields": {"category_name": "fruits", "slug": "fruits", "description": "fruits", "cat_image": "images/categories/apple.jpg"}}, {"model": "cart.cart", "pk": 30, "fields": {"cart_id": "levy47h1haafdqoq7km85tbcjzen37wr", "date_added": "2023-11-16"}}, {"model": "cart.cart", "pk": 31, "fields": {"cart_id": "8upveftgtzn2zvdo3ctlxrolditph1ok", "date_added": "2023-11-17"}}, {"model": "cart.cartitem", "pk": 151, "fields": {"user": null, "product": 5, "cart": 30, "quantity": 27, "is_active": true, "variation": []}}, {"model": "cart.cartitem", "pk": 153, "fields": {"user": null, "product": 1, "cart": 31, "quantity": 1, "is_active": true, "variation": []}}, {"model": "orders.payment", "pk": 7, "fields": {"user": 33, "payment_id": "5VF50338PG509342H", "payment_method": "PayPal", "amount_paid": "255.0", "status": "COMPLETED", "created_at": "2023-11-16T05:41:02.331Z"}}, {"model": "orders.payment", "pk": 8, "fields": {"user": 33, "payment_id": "9CN76179F8484003E", "payment_method": "PayPal", "amount_paid": "2.04", "status": "COMPLETED", "created_at": "2023-11-16T05:45:23.023Z"}}, {"model": "orders.payment", "pk": 9, "fields": {"user": 33, "payment_id": "14P07423EM6311100", "payment_method": "PayPal", "amount_paid": "2.04", "status": "COMPLETED", "created_at": "2023-11-16T05:47:21.196Z"}}, {"model": "orders.payment", "pk": 10, "fields": {"user": 33, "payment_id": "7V0254498L645031H", "payment_method": "PayPal", "amount_paid": "2.04", "status": "COMPLETED", "created_at": "2023-11-16T05:49:56.439Z"}}, {"model": "orders.payment", "pk": 11, "fields": {"user": 33, "payment_id": "3RA69798BB9524637", "payment_method": "PayPal", "amount_paid": "2.04", "status": "COMPLETED", "created_at": "2023-11-16T05:50:54.465Z"}}, {"model": "orders.payment", "pk": 12, "fields": {"user": 33, "payment_id": "93K02432H33690903", "payment_method": "PayPal", "amount_paid": "2.04", "status": "COMPLETED", "created_at": "2023-11-16T05:53:01.483Z"}}, {"model": "orders.payment", "pk": 13, "fields": {"user": 33, "payment_id": "3E890814623482003", "payment_method": "PayPal", "amount_paid": "2.04", "status": "COMPLETED", "created_at": "2023-11-16T05:56:08.870Z"}}, {"model": "orders.payment", "pk": 14, "fields": {"user": 33, "payment_id": "2JA75474YY276413E", "payment_method": "PayPal", "amount_paid": "2.04", "status": "COMPLETED", "created_at": "2023-11-16T10:04:39.543Z"}}, {"model": "orders.payment", "pk": 15, "fields": {"user": 33, "payment_id": "33X292467X212353V", "payment_method": "PayPal", "amount_paid": "2.04", "status": "COMPLETED", "created_at": "2023-11-16T13:22:08.328Z"}}, {"model": "orders.order", "pk": 72, "fields": {"user": 33, "payment": 7, "order_number": "2023111672", "first_name": "Mudassar", "last_name": "Bagwan", "phone": "07276803113", "email": "mudassarbagwan26@gmail.com", "address_line_1": "Kondhwa", "address_line_2": "", "country": "India", "state": "Not Applicable", "city": "Pune", "order_note": "", "order_total": 255.0, "tax": 5.0, "status": "New", "ip": "127.0.0.1", "is_ordered": true, "created_at": "2023-11-16T05:40:52.683Z", "updated_at": "2023-11-16T05:41:02.339Z"}}, {"model": "orders.order", "pk": 73, "fields": {"user": 33, "payment": 8, "order_number": "2023111673", "first_name": "Mudassar", "last_name": "Bagwan", "phone": "07276803113", "email": "mudassarbagwan26@gmail.com", "address_line_1": "Kondhwa", "address_line_2": "", "country": "India", "state": "Not Applicable", "city": "Pune", "order_note": "", "order_total": 2.04, "tax": 0.04, "status": "New", "ip": "127.0.0.1", "is_ordered": true, "created_at": "2023-11-16T05:45:13.386Z", "updated_at": "2023-11-16T05:45:23.032Z"}}, {"model": "orders.order", "pk": 74, "fields": {"user": 33, "payment": 9, "order_number": "2023111674", "first_name": "Mudassar", "last_name": "Bagwan", "phone": "07276803113", "email": "mudassarbagwan26@gmail.com", "address_line_1": "Kondhwa", "address_line_2": "", "country": "India", "state": "Not Applicable", "city": "Pune", "order_note": "", "order_total": 2.04, "tax": 0.04, "status": "New", "ip": "127.0.0.1", "is_ordered": true, "created_at": "2023-11-16T05:47:12.104Z", "updated_at": "2023-11-16T05:47:21.206Z"}}, {"model": "orders.order", "pk": 75, "fields": {"user": 33, "payment": 10, "order_number": "2023111675", "first_name": "Mudassar", "last_name": "Bagwan", "phone": "07276803113", "email": "mudassarbagwan26@gmail.com", "address_line_1": "Kondhwa", "address_line_2": "", "country": "India", "state": "Not Applicable", "city": "Pune", "order_note": "", "order_total": 2.04, "tax": 0.04, "status": "New", "ip": "127.0.0.1", "is_ordered": true, "created_at": "2023-11-16T05:49:45.248Z", "updated_at": "2023-11-16T05:49:56.449Z"}}, {"model": "orders.order", "pk": 76, "fields": {"user": 33, "payment": null, "order_number": "2023111676", "first_name": "Mudassar", "last_name": "Bagwan", "phone": "07276803113", "email": "mudassarbagwan26@gmail.com", "address_line_1": "Kondhwa", "address_line_2": "", "country": "India", "state": "Not Applicable", "city": "Pune", "order_note": "", "order_total": 2.04, "tax": 0.04, "status": "New", "ip": "127.0.0.1", "is_ordered": false, "created_at": "2023-11-16T05:50:00.375Z", "updated_at": "2023-11-16T05:50:00.383Z"}}, {"model": "orders.order", "pk": 77, "fields": {"user": 33, "payment": 11, "order_number": "2023111677", "first_name": "Mudassar", "last_name": "Bagwan", "phone": "07276803113", "email": "mudassarbagwan26@gmail.com", "address_line_1": "Kondhwa", "address_line_2": "", "country": "India", "state": "Not Applicable", "city": "Pune", "order_note": "", "order_total": 2.04, "tax": 0.04, "status": "New", "ip": "127.0.0.1", "is_ordered": true, "created_at": "2023-11-16T05:50:42.138Z", "updated_at": "2023-11-16T05:50:54.475Z"}}, {"model": "orders.order", "pk": 78, "fields": {"user": 33, "payment": 12, "order_number": "2023111678", "first_name": "Mudassar", "last_name": "Bagwan", "phone": "07276803113", "email": "mudassarbagwan26@gmail.com", "address_line_1": "Kondhwa", "address_line_2": "", "country": "India", "state": "Not Applicable", "city": "Pune", "order_note": "", "order_total": 2.04, "tax": 0.04, "status": "New", "ip": "127.0.0.1", "is_ordered": true, "created_at": "2023-11-16T05:52:49.361Z", "updated_at": "2023-11-16T05:53:01.493Z"}}, {"model": "orders.order", "pk": 79, "fields": {"user": 33, "payment": 13, "order_number": "2023111679", "first_name": "Mudassar", "last_name": "Bagwan", "phone": "07276803113", "email": "mudassarbagwan26@gmail.com", "address_line_1": "Kondhwa", "address_line_2": "", "country": "India", "state": "Not Applicable", "city": "Pune", "order_note": "", "order_total": 2.04, "tax": 0.04, "status": "New", "ip": "127.0.0.1", "is_ordered": true, "created_at": "2023-11-16T05:55:59.305Z", "updated_at": "2023-11-16T05:56:08.880Z"}}, {"model": "orders.order", "pk": 80, "fields": {"user": 33, "payment": 14, "order_number": "2023111680", "first_name": "Mudassar", "last_name": "Bagwan", "phone": "07276803113", "email": "mudassarbagwan26@gmail.com", "address_line_1": "Kondhwa", "address_line_2": "", "country": "India", "state": "Not Applicable", "city": "Pune", "order_note": "", "order_total": 2.04, "tax": 0.04, "status": "New", "ip": "127.0.0.1", "is_ordered": true, "created_at": "2023-11-16T10:04:14.364Z", "updated_at": "2023-11-16T10:04:39.553Z"}}, {"model": "orders.order", "pk": 81, "fields": {"user": 33, "payment": 15, "order_number": "2023111681", "first_name": "Mudassar", "last_name": "Bagwan", "phone": "07276803113", "email": "mudassarbagwan26@gmail.com", "address_line_1": "Kondhwa", "address_line_2": "", "country": "India", "state": "Maharastra", "city": "Pune", "order_note": "", "order_total": 2.04, "tax": 0.04, "status": "New", "ip": "127.0.0.1", "is_ordered": true, "created_at": "2023-11-16T13:21:49.102Z", "updated_at": "2023-11-16T13:22:08.337Z"}}, {"model": "orders.order", "pk": 82, "fields": {"user": 1, "payment": null, "order_number": "2023111782", "first_name": "Mudassar", "last_name": "Bagwan", "phone": "07276803113", "email": "mudassarbagwan26@gmail.com", "address_line_1": "Kondhwa", "address_line_2": "", "country": "India", "state": "Not Applicable", "city": "Pune", "order_note": "", "order_total": 408.0, "tax": 8.0, "status": "New", "ip": "127.0.0.1", "is_ordered": false, "created_at": "2023-11-17T13:56:15.456Z", "updated_at": "2023-11-17T13:56:15.466Z"}}, {"model": "orders.orderproduct", "pk": 5, "fields": {"order": 72, "payment": 7, "user": 33, "product": 2, "quantity": 1, "product_price": 250.0, "ordered": true, "created_at": "2023-11-16T05:41:02.348Z", "updated_at": "2023-11-16T05:41:02.371Z", "variation": [5]}}, {"model": "orders.orderproduct", "pk": 6, "fields": {"order": 73, "payment": 8, "user": 33, "product": 5, "quantity": 1, "product_price": 2.0, "ordered": true, "created_at": "2023-11-16T05:45:23.045Z", "updated_at": "2023-11-16T05:45:23.055Z", "variation": []}}, {"model": "orders.orderproduct", "pk": 7, "fields": {"order": 74, "payment": 9, "user": 33, "product": 5, "quantity": 1, "product_price": 2.0, "ordered": true, "created_at": "2023-11-16T05:47:21.215Z", "updated_at": "2023-11-16T05:47:21.223Z", "variation": []}}, {"model": "orders.orderproduct", "pk": 8, "fields": {"order": 75, "payment": 10, "user": 33, "product": 5, "quantity": 1, "product_price": 2.0, "ordered": true, "created_at": "2023-11-16T05:49:56.460Z", "updated_at": "2023-11-16T05:49:56.470Z", "variation": []}}, {"model": "orders.orderproduct", "pk": 9, "fields": {"order": 77, "payment": 11, "user": 33, "product": 5, "quantity": 1, "product_price": 2.0, "ordered": true, "created_at": "2023-11-16T05:50:54.488Z", "updated_at": "2023-11-16T05:50:54.500Z", "variation": []}}, {"model": "orders.orderproduct", "pk": 10, "fields": {"order": 78, "payment": 12, "user": 33, "product": 5, "quantity": 1, "product_price": 2.0, "ordered": true, "created_at": "2023-11-16T05:53:01.504Z", "updated_at": "2023-11-16T05:53:01.515Z", "variation": []}}, {"model": "orders.orderproduct", "pk": 11, "fields": {"order": 79, "payment": 13, "user": 33, "product": 5, "quantity": 1, "product_price": 2.0, "ordered": true, "created_at": "2023-11-16T05:56:08.890Z", "updated_at": "2023-11-16T05:56:08.900Z", "variation": []}}, {"model": "orders.orderproduct", "pk": 12, "fields": {"order": 80, "payment": 14, "user": 33, "product": 5, "quantity": 1, "product_price": 2.0, "ordered": true, "created_at": "2023-11-16T10:04:39.565Z", "updated_at": "2023-11-16T10:04:39.577Z", "variation": []}}, {"model": "orders.orderproduct", "pk": 13, "fields": {"order": 81, "payment": 15, "user": 33, "product": 5, "quantity": 1, "product_price": 2.0, "ordered": true, "created_at": "2023-11-16T13:22:08.347Z", "updated_at": "2023-11-16T13:22:08.357Z", "variation": []}}, {"model": "admin.logentry", "pk": 1, "fields": {"action_time": "2023-11-03T13:39:35.742Z", "user": 1, "content_type": 2, "object_id": "1", "object_repr": "console", "action_flag": 1, "change_message": "[{\"added\": {}}]"}}, {"model": "admin.logentry", "pk": 2, "fields": {"action_time": "2023-11-03T13:46:58.206Z", "user": 1, "content_type": 2, "object_id": "2", "object_repr": "Phone", "action_flag": 1, "change_message": "[{\"added\": {}}]"}}, {"model": "admin.logentry", "pk": 3, "fields": {"action_time": "2023-11-03T13:47:37.089Z", "user": 1, "content_type": 2, "object_id": "3", "object_repr": "Fruits", "action_flag": 1, "change_message": "[{\"added\": {}}]"}}, {"model": "admin.logentry", "pk": 4, "fields": {"action_time": "2023-11-03T13:49:32.402Z", "user": 1, "content_type": 2, "object_id": "1", "object_repr": "Console", "action_flag": 2, "change_message": "[{\"changed\": {\"fields\": [\"Category name\"]}}]"}}, {"model": "admin.logentry", "pk": 5, "fields": {"action_time": "2023-11-03T16:05:23.383Z", "user": 1, "content_type": 8, "object_id": "1", "object_repr": "Ps5", "action_flag": 1, "change_message": "[{\"added\": {}}]"}}, {"model": "admin.logentry", "pk": 6, "fields": {"action_time": "2023-11-03T16:06:27.645Z", "user": 1, "content_type": 8, "object_id": "2", "object_repr": "PS4", "action_flag": 1, "change_message": "[{\"added\": {}}]"}}, {"model": "admin.logentry", "pk": 7, "fields": {"action_time": "2023-11-03T16:07:48.771Z", "user": 1, "content_type": 8, "object_id": "3", "object_repr": "xbox one s", "action_flag": 1, "change_message": "[{\"added\": {}}]"}}, {"model": "admin.logentry", "pk": 8, "fields": {"action_time": "2023-11-03T16:08:35.961Z", "user": 1, "content_type": 8, "object_id": "4", "object_repr": "xbox one x", "action_flag": 1, "change_message": "[{\"added\": {}}]"}}, {"model": "admin.logentry", "pk": 9, "fields": {"action_time": "2023-11-04T06:22:55.674Z", "user": 1, "content_type": 8, "object_id": "5", "object_repr": "Apple", "action_flag": 1, "change_message": "[{\"added\": {}}]"}}, {"model": "admin.logentry", "pk": 10, "fields": {"action_time": "2023-11-04T06:29:38.846Z", "user": 1, "content_type": 8, "object_id": "6", "object_repr": "Iphone", "action_flag": 1, "change_message": "[{\"added\": {}}]"}}, {"model": "admin.logentry", "pk": 11, "fields": {"action_time": "2023-11-04T06:30:30.525Z", "user": 1, "content_type": 2, "object_id": "3", "object_repr": "fruits", "action_flag": 2, "change_message": "[{\"changed\": {\"fields\": [\"Category name\", \"Description\"]}}]"}}, {"model": "admin.logentry", "pk": 12, "fields": {"action_time": "2023-11-04T06:30:36.964Z", "user": 1, "content_type": 2, "object_id": "2", "object_repr": "phone", "action_flag": 2, "change_message": "[{\"changed\": {\"fields\": [\"Category name\"]}}]"}}, {"model": "admin.logentry", "pk": 13, "fields": {"action_time": "2023-11-04T08:07:02.549Z", "user": 1, "content_type": 8, "object_id": "3", "object_repr": "xbox one s", "action_flag": 2, "change_message": "[{\"changed\": {\"fields\": [\"Stock\"]}}]"}}, {"model": "admin.logentry", "pk": 14, "fields": {"action_time": "2023-11-04T18:39:50.576Z", "user": 1, "content_type": 10, "object_id": "1", "object_repr": "CartItem object (1)", "action_flag": 2, "change_message": "[{\"changed\": {\"fields\": [\"Quantity\"]}}]"}}, {"model": "admin.logentry", "pk": 15, "fields": {"action_time": "2023-11-07T08:28:20.058Z", "user": 1, "content_type": 9, "object_id": "1", "object_repr": "p5zefgmrsbzwq45mf2r2at0m9lfe5gg5", "action_flag": 3, "change_message": ""}}, {"model": "admin.logentry", "pk": 16, "fields": {"action_time": "2023-11-07T08:28:42.036Z", "user": 1, "content_type": 8, "object_id": "1", "object_repr": "Ps5", "action_flag": 2, "change_message": "[{\"changed\": {\"fields\": [\"Price\"]}}]"}}, {"model": "admin.logentry", "pk": 17, "fields": {"action_time": "2023-11-07T08:29:00.148Z", "user": 1, "content_type": 8, "object_id": "1", "object_repr": "Ps5", "action_flag": 2, "change_message": "[{\"changed\": {\"fields\": [\"Price\"]}}]"}}, {"model": "admin.logentry", "pk": 18, "fields": {"action_time": "2023-11-09T09:56:22.093Z", "user": 1, "content_type": 11, "object_id": "1", "object_repr": "variations object (1)", "action_flag": 1, "change_message": "[{\"added\": {}}]"}}, {"model": "admin.logentry", "pk": 19, "fields": {"action_time": "2023-11-09T13:23:41.234Z", "user": 1, "content_type": 11, "object_id": "2", "object_repr": "variation object (2)", "action_flag": 1, "change_message": "[{\"added\": {}}]"}}, {"model": "admin.logentry", "pk": 20, "fields": {"action_time": "2023-11-09T13:24:49.401Z", "user": 1, "content_type": 11, "object_id": "3", "object_repr": "variation object (3)", "action_flag": 1, "change_message": "[{\"added\": {}}]"}}, {"model": "admin.logentry", "pk": 21, "fields": {"action_time": "2023-11-09T13:33:02.955Z", "user": 1, "content_type": 11, "object_id": "4", "object_repr": "variation object (4)", "action_flag": 1, "change_message": "[{\"added\": {}}]"}}, {"model": "admin.logentry", "pk": 22, "fields": {"action_time": "2023-11-09T14:47:06.938Z", "user": 1, "content_type": 9, "object_id": "2", "object_repr": "p5zefgmrsbzwq45mf2r2at0m9lfe5gg5", "action_flag": 3, "change_message": ""}}, {"model": "admin.logentry", "pk": 23, "fields": {"action_time": "2023-11-09T16:23:20.365Z", "user": 1, "content_type": 10, "object_id": "53", "object_repr": "CartItem object (53)", "action_flag": 3, "change_message": ""}}, {"model": "admin.logentry", "pk": 24, "fields": {"action_time": "2023-11-09T16:23:26.180Z", "user": 1, "content_type": 9, "object_id": "3", "object_repr": "p5zefgmrsbzwq45mf2r2at0m9lfe5gg5", "action_flag": 3, "change_message": ""}}, {"model": "admin.logentry", "pk": 25, "fields": {"action_time": "2023-11-09T17:20:18.345Z", "user": 1, "content_type": 9, "object_id": "4", "object_repr": "p5zefgmrsbzwq45mf2r2at0m9lfe5gg5", "action_flag": 3, "change_message": ""}}, {"model": "admin.logentry", "pk": 26, "fields": {"action_time": "2023-11-09T17:35:43.307Z", "user": 1, "content_type": 11, "object_id": "4", "object_repr": "Digital", "action_flag": 3, "change_message": ""}}, {"model": "admin.logentry", "pk": 27, "fields": {"action_time": "2023-11-09T17:35:43.317Z", "user": 1, "content_type": 11, "object_id": "3", "object_repr": "slim", "action_flag": 3, "change_message": ""}}, {"model": "admin.logentry", "pk": 28, "fields": {"action_time": "2023-11-09T17:35:43.326Z", "user": 1, "content_type": 11, "object_id": "2", "object_repr": "Black", "action_flag": 3, "change_message": ""}}, {"model": "admin.logentry", "pk": 29, "fields": {"action_time": "2023-11-09T17:35:43.336Z", "user": 1, "content_type": 11, "object_id": "1", "object_repr": "white", "action_flag": 3, "change_message": ""}}, {"model": "admin.logentry", "pk": 30, "fields": {"action_time": "2023-11-09T17:35:52.247Z", "user": 1, "content_type": 11, "object_id": "5", "object_repr": "Slim", "action_flag": 1, "change_message": "[{\"added\": {}}]"}}, {"model": "admin.logentry", "pk": 31, "fields": {"action_time": "2023-11-09T17:36:10.046Z", "user": 1, "content_type": 11, "object_id": "6", "object_repr": "Fat", "action_flag": 1, "change_message": "[{\"added\": {}}]"}}, {"model": "admin.logentry", "pk": 32, "fields": {"action_time": "2023-11-09T17:36:19.016Z", "user": 1, "content_type": 11, "object_id": "7", "object_repr": "Pro", "action_flag": 1, "change_message": "[{\"added\": {}}]"}}, {"model": "admin.logentry", "pk": 33, "fields": {"action_time": "2023-11-09T17:36:31.192Z", "user": 1, "content_type": 11, "object_id": "8", "object_repr": "Physical", "action_flag": 1, "change_message": "[{\"added\": {}}]"}}, {"model": "admin.logentry", "pk": 34, "fields": {"action_time": "2023-11-09T17:36:41.926Z", "user": 1, "content_type": 11, "object_id": "9", "object_repr": "digital", "action_flag": 1, "change_message": "[{\"added\": {}}]"}}, {"model": "admin.logentry", "pk": 35, "fields": {"action_time": "2023-11-10T06:38:35.861Z", "user": 1, "content_type": 10, "object_id": "63", "object_repr": "CartItem object (63)", "action_flag": 3, "change_message": ""}}, {"model": "admin.logentry", "pk": 36, "fields": {"action_time": "2023-11-10T06:38:35.872Z", "user": 1, "content_type": 10, "object_id": "62", "object_repr": "CartItem object (62)", "action_flag": 3, "change_message": ""}}, {"model": "admin.logentry", "pk": 37, "fields": {"action_time": "2023-11-10T06:38:35.883Z", "user": 1, "content_type": 10, "object_id": "61", "object_repr": "CartItem object (61)", "action_flag": 3, "change_message": ""}}, {"model": "admin.logentry", "pk": 38, "fields": {"action_time": "2023-11-10T06:38:35.890Z", "user": 1, "content_type": 10, "object_id": "60", "object_repr": "CartItem object (60)", "action_flag": 3, "change_message": ""}}, {"model": "admin.logentry", "pk": 39, "fields": {"action_time": "2023-11-10T06:38:35.901Z", "user": 1, "content_type": 10, "object_id": "59", "object_repr": "CartItem object (59)", "action_flag": 3, "change_message": ""}}, {"model": "admin.logentry", "pk": 40, "fields": {"action_time": "2023-11-10T06:38:35.912Z", "user": 1, "content_type": 10, "object_id": "58", "object_repr": "CartItem object (58)", "action_flag": 3, "change_message": ""}}, {"model": "admin.logentry", "pk": 41, "fields": {"action_time": "2023-11-10T06:38:35.920Z", "user": 1, "content_type": 10, "object_id": "57", "object_repr": "CartItem object (57)", "action_flag": 3, "change_message": ""}}, {"model": "admin.logentry", "pk": 42, "fields": {"action_time": "2023-11-10T06:38:42.213Z", "user": 1, "content_type": 9, "object_id": "5", "object_repr": "p5zefgmrsbzwq45mf2r2at0m9lfe5gg5", "action_flag": 3, "change_message": ""}}, {"model": "admin.logentry", "pk": 43, "fields": {"action_time": "2023-11-10T10:23:14.540Z", "user": 1, "content_type": 10, "object_id": "72", "object_repr": "CartItem object (72)", "action_flag": 3, "change_message": ""}}, {"model": "admin.logentry", "pk": 44, "fields": {"action_time": "2023-11-10T10:23:14.547Z", "user": 1, "content_type": 10, "object_id": "71", "object_repr": "CartItem object (71)", "action_flag": 3, "change_message": ""}}, {"model": "admin.logentry", "pk": 45, "fields": {"action_time": "2023-11-10T10:23:14.556Z", "user": 1, "content_type": 10, "object_id": "70", "object_repr": "CartItem object (70)", "action_flag": 3, "change_message": ""}}, {"model": "admin.logentry", "pk": 46, "fields": {"action_time": "2023-11-10T10:23:19.970Z", "user": 1, "content_type": 9, "object_id": "6", "object_repr": "p5zefgmrsbzwq45mf2r2at0m9lfe5gg5", "action_flag": 3, "change_message": ""}}, {"model": "admin.logentry", "pk": 47, "fields": {"action_time": "2023-11-11T06:06:57.923Z", "user": 1, "content_type": 1, "object_id": "2", "object_repr": "msbbag@gmail.com", "action_flag": 3, "change_message": ""}}, {"model": "admin.logentry", "pk": 48, "fields": {"action_time": "2023-11-11T11:14:11.263Z", "user": 1, "content_type": 1, "object_id": "3", "object_repr": "msbbag@gmail.com", "action_flag": 3, "change_message": ""}}, {"model": "admin.logentry", "pk": 49, "fields": {"action_time": "2023-11-11T11:15:49.731Z", "user": 1, "content_type": 1, "object_id": "4", "object_repr": "msbbagwan@gmail.com", "action_flag": 3, "change_message": ""}}, {"model": "admin.logentry", "pk": 50, "fields": {"action_time": "2023-11-11T11:21:06.725Z", "user": 1, "content_type": 1, "object_id": "5", "object_repr": "mobile@gmail.com", "action_flag": 3, "change_message": ""}}, {"model": "admin.logentry", "pk": 51, "fields": {"action_time": "2023-11-11T11:22:06.940Z", "user": 1, "content_type": 1, "object_id": "6", "object_repr": "saddam@gmail.com", "action_flag": 3, "change_message": ""}}, {"model": "admin.logentry", "pk": 52, "fields": {"action_time": "2023-11-12T03:35:04.953Z", "user": 1, "content_type": 1, "object_id": "7", "object_repr": "saddam@gmail.com", "action_flag": 3, "change_message": ""}}, {"model": "admin.logentry", "pk": 53, "fields": {"action_time": "2023-11-12T03:42:10.409Z", "user": 1, "content_type": 1, "object_id": "8", "object_repr": "msbbagwan@gmail.com", "action_flag": 3, "change_message": ""}}, {"model": "admin.logentry", "pk": 54, "fields": {"action_time": "2023-11-12T03:44:07.226Z", "user": 1, "content_type": 1, "object_id": "9", "object_repr": "msbbagwan@gmail.com", "action_flag": 3, "change_message": ""}}, {"model": "admin.logentry", "pk": 55, "fields": {"action_time": "2023-11-12T03:48:39.729Z", "user": 1, "content_type": 1, "object_id": "10", "object_repr": "mudassar@gmail.com", "action_flag": 2, "change_message": "[{\"changed\": {\"fields\": [\"Is active\"]}}]"}}, {"model": "admin.logentry", "pk": 56, "fields": {"action_time": "2023-11-12T03:56:31.441Z", "user": 1, "content_type": 1, "object_id": "10", "object_repr": "mudassar@gmail.com", "action_flag": 2, "change_message": "[{\"changed\": {\"fields\": [\"Is active\"]}}]"}}, {"model": "admin.logentry", "pk": 57, "fields": {"action_time": "2023-11-12T04:09:35.058Z", "user": 1, "content_type": 1, "object_id": "10", "object_repr": "mudassar@gmail.com", "action_flag": 3, "change_message": ""}}, {"model": "admin.logentry", "pk": 58, "fields": {"action_time": "2023-11-12T04:34:39.919Z", "user": 1, "content_type": 1, "object_id": "11", "object_repr": "msbbagwan26@gmail.com", "action_flag": 3, "change_message": ""}}, {"model": "admin.logentry", "pk": 59, "fields": {"action_time": "2023-11-12T04:40:22.925Z", "user": 1, "content_type": 1, "object_id": "12", "object_repr": "phonemobile@gmail.com", "action_flag": 3, "change_message": ""}}, {"model": "admin.logentry", "pk": 60, "fields": {"action_time": "2023-11-12T09:14:39.609Z", "user": 1, "content_type": 1, "object_id": "13", "object_repr": "phone@gmail.com", "action_flag": 3, "change_message": ""}}, {"model": "admin.logentry", "pk": 61, "fields": {"action_time": "2023-11-12T09:40:52.886Z", "user": 1, "content_type": 1, "object_id": "14", "object_repr": "game@gmail.com", "action_flag": 3, "change_message": ""}}, {"model": "admin.logentry", "pk": 62, "fields": {"action_time": "2023-11-12T09:41:42.903Z", "user": 1, "content_type": 1, "object_id": "15", "object_repr": "game@gmail.com", "action_flag": 3, "change_message": ""}}, {"model": "admin.logentry", "pk": 63, "fields": {"action_time": "2023-11-12T09:45:05.331Z", "user": 1, "content_type": 1, "object_id": "16", "object_repr": "game@gmail.com", "action_flag": 3, "change_message": ""}}, {"model": "admin.logentry", "pk": 64, "fields": {"action_time": "2023-11-12T09:47:14.692Z", "user": 1, "content_type": 1, "object_id": "17", "object_repr": "game@gmail.com", "action_flag": 3, "change_message": ""}}, {"model": "admin.logentry", "pk": 65, "fields": {"action_time": "2023-11-12T09:48:52.820Z", "user": 1, "content_type": 1, "object_id": "18", "object_repr": "game@gmail.com", "action_flag": 3, "change_message": ""}}, {"model": "admin.logentry", "pk": 66, "fields": {"action_time": "2023-11-12T10:03:17.616Z", "user": 1, "content_type": 1, "object_id": "20", "object_repr": "", "action_flag": 1, "change_message": "[{\"added\": {}}]"}}, {"model": "admin.logentry", "pk": 67, "fields": {"action_time": "2023-11-12T10:03:31.567Z", "user": 1, "content_type": 1, "object_id": "20", "object_repr": "", "action_flag": 3, "change_message": ""}}, {"model": "admin.logentry", "pk": 68, "fields": {"action_time": "2023-11-12T14:25:25.185Z", "user": 1, "content_type": 1, "object_id": "19", "object_repr": "game@gmail.com", "action_flag": 3, "change_message": ""}}, {"model": "admin.logentry", "pk": 69, "fields": {"action_time": "2023-11-12T14:59:43.570Z", "user": 1, "content_type": 1, "object_id": "20", "object_repr": "game@gmail.com", "action_flag": 3, "change_message": ""}}, {"model": "admin.logentry", "pk": 70, "fields": {"action_time": "2023-11-12T15:02:41.891Z", "user": 1, "content_type": 1, "object_id": "21", "object_repr": "game@gmail.com", "action_flag": 3, "change_message": ""}}, {"model": "admin.logentry", "pk": 71, "fields": {"action_time": "2023-11-12T15:03:21.729Z", "user": 1, "content_type": 1, "object_id": "22", "object_repr": "game@gmail.com", "action_flag": 3, "change_message": ""}}, {"model": "admin.logentry", "pk": 72, "fields": {"action_time": "2023-11-12T15:11:22.235Z", "user": 1, "content_type": 1, "object_id": "23", "object_repr": "msb@gmail.com", "action_flag": 3, "change_message": ""}}, {"model": "admin.logentry", "pk": 73, "fields": {"action_time": "2023-11-12T15:13:40.040Z", "user": 1, "content_type": 1, "object_id": "24", "object_repr": "game@gmail.com", "action_flag": 3, "change_message": ""}}, {"model": "admin.logentry", "pk": 74, "fields": {"action_time": "2023-11-12T15:14:39.726Z", "user": 1, "content_type": 1, "object_id": "25", "object_repr": "game@gmail.com", "action_flag": 2, "change_message": "[{\"changed\": {\"fields\": [\"password\"]}}]"}}, {"model": "admin.logentry", "pk": 75, "fields": {"action_time": "2023-11-12T15:15:14.388Z", "user": 1, "content_type": 1, "object_id": "25", "object_repr": "game@gmail.com", "action_flag": 2, "change_message": "[{\"changed\": {\"fields\": [\"password\"]}}]"}}, {"model": "admin.logentry", "pk": 76, "fields": {"action_time": "2023-11-12T15:15:34.482Z", "user": 1, "content_type": 1, "object_id": "25", "object_repr": "game@gmail.com", "action_flag": 3, "change_message": ""}}, {"model": "admin.logentry", "pk": 77, "fields": {"action_time": "2023-11-12T15:17:23.589Z", "user": 1, "content_type": 1, "object_id": "26", "object_repr": "game@gmail.com", "action_flag": 2, "change_message": "[{\"changed\": {\"fields\": [\"password\"]}}]"}}, {"model": "admin.logentry", "pk": 78, "fields": {"action_time": "2023-11-12T15:20:09.155Z", "user": 1, "content_type": 1, "object_id": "26", "object_repr": "game@gmail.com", "action_flag": 3, "change_message": ""}}, {"model": "admin.logentry", "pk": 79, "fields": {"action_time": "2023-11-12T15:21:21.602Z", "user": 1, "content_type": 1, "object_id": "27", "object_repr": "game@gmail.com", "action_flag": 2, "change_message": "[{\"changed\": {\"fields\": [\"Is active\"]}}]"}}, {"model": "admin.logentry", "pk": 80, "fields": {"action_time": "2023-11-13T05:44:15.463Z", "user": 1, "content_type": 1, "object_id": "27", "object_repr": "game@gmail.com", "action_flag": 2, "change_message": "[{\"changed\": {\"fields\": [\"Is active\"]}}]"}}, {"model": "admin.logentry", "pk": 81, "fields": {"action_time": "2023-11-13T06:46:59.736Z", "user": 1, "content_type": 1, "object_id": "29", "object_repr": "mudassarpython@gmail.com", "action_flag": 3, "change_message": ""}}, {"model": "admin.logentry", "pk": 82, "fields": {"action_time": "2023-11-13T06:46:59.747Z", "user": 1, "content_type": 1, "object_id": "28", "object_repr": "msb@gmail.com", "action_flag": 3, "change_message": ""}}, {"model": "admin.logentry", "pk": 83, "fields": {"action_time": "2023-11-13T06:46:59.756Z", "user": 1, "content_type": 1, "object_id": "27", "object_repr": "game@gmail.com", "action_flag": 3, "change_message": ""}}, {"model": "admin.logentry", "pk": 84, "fields": {"action_time": "2023-11-13T07:05:02.095Z", "user": 1, "content_type": 1, "object_id": "30", "object_repr": "mudassarpython@gmail.com", "action_flag": 3, "change_message": ""}}, {"model": "admin.logentry", "pk": 85, "fields": {"action_time": "2023-11-13T09:42:03.104Z", "user": 1, "content_type": 1, "object_id": "31", "object_repr": "mudassarpython@gmail.com", "action_flag": 3, "change_message": ""}}, {"model": "admin.logentry", "pk": 86, "fields": {"action_time": "2023-11-13T14:13:51.419Z", "user": 1, "content_type": 1, "object_id": "32", "object_repr": "saminabagwan88@gmail.com", "action_flag": 3, "change_message": ""}}, {"model": "admin.logentry", "pk": 87, "fields": {"action_time": "2023-11-14T06:00:03.477Z", "user": 1, "content_type": 9, "object_id": "12", "object_repr": "f0a9a7go7dbcwhbhdh532gjrig6wgwm1", "action_flag": 3, "change_message": ""}}, {"model": "admin.logentry", "pk": 88, "fields": {"action_time": "2023-11-14T06:00:03.488Z", "user": 1, "content_type": 9, "object_id": "11", "object_repr": "gg6a3b3yw3eiv9pq9xrul09xn2gz6sp0", "action_flag": 3, "change_message": ""}}, {"model": "admin.logentry", "pk": 89, "fields": {"action_time": "2023-11-14T06:00:03.498Z", "user": 1, "content_type": 9, "object_id": "10", "object_repr": "9bq8868kbg0ahtwrz1ocqpiene5xtyoi", "action_flag": 3, "change_message": ""}}, {"model": "admin.logentry", "pk": 90, "fields": {"action_time": "2023-11-14T06:00:03.507Z", "user": 1, "content_type": 9, "object_id": "9", "object_repr": "j2ii1djccaa06hw517vlkze7bssqrkw0", "action_flag": 3, "change_message": ""}}, {"model": "admin.logentry", "pk": 91, "fields": {"action_time": "2023-11-14T06:00:03.514Z", "user": 1, "content_type": 9, "object_id": "8", "object_repr": "rqe16vrqatlck3f81qtnedm79fm9qoaf", "action_flag": 3, "change_message": ""}}, {"model": "admin.logentry", "pk": 92, "fields": {"action_time": "2023-11-14T06:00:03.524Z", "user": 1, "content_type": 9, "object_id": "7", "object_repr": "p5zefgmrsbzwq45mf2r2at0m9lfe5gg5", "action_flag": 3, "change_message": ""}}, {"model": "admin.logentry", "pk": 93, "fields": {"action_time": "2023-11-14T06:15:24.551Z", "user": 1, "content_type": 10, "object_id": "94", "object_repr": "CartItem object (94)", "action_flag": 2, "change_message": "[{\"changed\": {\"fields\": [\"User\"]}}]"}}, {"model": "admin.logentry", "pk": 94, "fields": {"action_time": "2023-11-14T06:15:28.837Z", "user": 1, "content_type": 10, "object_id": "93", "object_repr": "CartItem object (93)", "action_flag": 2, "change_message": "[{\"changed\": {\"fields\": [\"User\"]}}]"}}, {"model": "admin.logentry", "pk": 95, "fields": {"action_time": "2023-11-14T06:15:43.035Z", "user": 1, "content_type": 9, "object_id": "13", "object_repr": "vjyppruqfmvomlzee695xe4ftdrc45qo", "action_flag": 3, "change_message": ""}}, {"model": "admin.logentry", "pk": 96, "fields": {"action_time": "2023-11-14T06:26:02.731Z", "user": 1, "content_type": 10, "object_id": "96", "object_repr": "CartItem object (96)", "action_flag": 3, "change_message": ""}}, {"model": "admin.logentry", "pk": 97, "fields": {"action_time": "2023-11-14T06:26:02.740Z", "user": 1, "content_type": 10, "object_id": "95", "object_repr": "CartItem object (95)", "action_flag": 3, "change_message": ""}}, {"model": "admin.logentry", "pk": 98, "fields": {"action_time": "2023-11-14T06:38:46.487Z", "user": 1, "content_type": 10, "object_id": "98", "object_repr": "CartItem object (98)", "action_flag": 2, "change_message": "[{\"changed\": {\"fields\": [\"User\"]}}]"}}, {"model": "admin.logentry", "pk": 99, "fields": {"action_time": "2023-11-14T06:38:52.172Z", "user": 1, "content_type": 10, "object_id": "97", "object_repr": "CartItem object (97)", "action_flag": 3, "change_message": ""}}, {"model": "admin.logentry", "pk": 100, "fields": {"action_time": "2023-11-14T06:39:06.699Z", "user": 1, "content_type": 9, "object_id": "16", "object_repr": "kpjr7ts65mxqnihav9k1zhd9j5d8o2ck", "action_flag": 3, "change_message": ""}}, {"model": "admin.logentry", "pk": 101, "fields": {"action_time": "2023-11-14T06:39:06.707Z", "user": 1, "content_type": 9, "object_id": "15", "object_repr": "u2l7ghham5jrb4asiamm4orwcbdofbj1", "action_flag": 3, "change_message": ""}}, {"model": "admin.logentry", "pk": 102, "fields": {"action_time": "2023-11-14T06:39:06.715Z", "user": 1, "content_type": 9, "object_id": "14", "object_repr": "vynyst3s5vksx2zdp1too2gel63yjmab", "action_flag": 3, "change_message": ""}}, {"model": "admin.logentry", "pk": 103, "fields": {"action_time": "2023-11-14T06:44:02.307Z", "user": 1, "content_type": 10, "object_id": "98", "object_repr": "CartItem object (98)", "action_flag": 3, "change_message": ""}}, {"model": "admin.logentry", "pk": 104, "fields": {"action_time": "2023-11-14T06:44:07.794Z", "user": 1, "content_type": 9, "object_id": "17", "object_repr": "k3xr1wxouv0ri1oo62aetxtgcovqpxtd", "action_flag": 3, "change_message": ""}}, {"model": "admin.logentry", "pk": 105, "fields": {"action_time": "2023-11-14T06:55:00.563Z", "user": 1, "content_type": 9, "object_id": "18", "object_repr": "ivln4qn6d8eybjbmchiepelxkvw1c2zz", "action_flag": 3, "change_message": ""}}, {"model": "admin.logentry", "pk": 106, "fields": {"action_time": "2023-11-14T06:56:33.572Z", "user": 1, "content_type": 10, "object_id": "100", "object_repr": "CartItem object (100)", "action_flag": 2, "change_message": "[{\"changed\": {\"fields\": [\"User\"]}}]"}}, {"model": "admin.logentry", "pk": 107, "fields": {"action_time": "2023-11-14T06:57:55.913Z", "user": 1, "content_type": 9, "object_id": "19", "object_repr": "1xth8k6vf5dggy3n2jhybxkwltnmc7jp", "action_flag": 3, "change_message": ""}}, {"model": "admin.logentry", "pk": 108, "fields": {"action_time": "2023-11-14T07:06:12.362Z", "user": 1, "content_type": 9, "object_id": "20", "object_repr": "ml52yuiwmx76y5o6twlfkp0qxmmdtr3f", "action_flag": 3, "change_message": ""}}, {"model": "admin.logentry", "pk": 109, "fields": {"action_time": "2023-11-14T07:14:00.762Z", "user": 1, "content_type": 9, "object_id": "21", "object_repr": "srbmlr4x5t63xxgk76wxj24jjk2rc672", "action_flag": 3, "change_message": ""}}, {"model": "admin.logentry", "pk": 110, "fields": {"action_time": "2023-11-14T07:20:21.184Z", "user": 1, "content_type": 9, "object_id": "22", "object_repr": "9jrnaepqzf0qats5kw4ksfcpuhvxd0nu", "action_flag": 3, "change_message": ""}}, {"model": "admin.logentry", "pk": 111, "fields": {"action_time": "2023-11-14T10:26:30.706Z", "user": 1, "content_type": 9, "object_id": "25", "object_repr": "i9vzbxqsda6wcxecadvoyw76ss78cr3r", "action_flag": 3, "change_message": ""}}, {"model": "admin.logentry", "pk": 112, "fields": {"action_time": "2023-11-14T10:26:30.716Z", "user": 1, "content_type": 9, "object_id": "24", "object_repr": "2voraam1htvsambouawmmkm8j02niob5", "action_flag": 3, "change_message": ""}}, {"model": "admin.logentry", "pk": 113, "fields": {"action_time": "2023-11-14T10:26:30.727Z", "user": 1, "content_type": 9, "object_id": "23", "object_repr": "zabzkyg2okbsptvn8zgy341jojj9aeun", "action_flag": 3, "change_message": ""}}, {"model": "admin.logentry", "pk": 114, "fields": {"action_time": "2023-11-14T10:26:36.786Z", "user": 1, "content_type": 10, "object_id": "107", "object_repr": "CartItem object (107)", "action_flag": 3, "change_message": ""}}, {"model": "admin.logentry", "pk": 115, "fields": {"action_time": "2023-11-14T10:26:36.797Z", "user": 1, "content_type": 10, "object_id": "106", "object_repr": "CartItem object (106)", "action_flag": 3, "change_message": ""}}, {"model": "admin.logentry", "pk": 116, "fields": {"action_time": "2023-11-14T10:32:54.635Z", "user": 1, "content_type": 9, "object_id": "27", "object_repr": "8pd3sci9bgu2qwvpdui0aqjcrg7utvt2", "action_flag": 3, "change_message": ""}}, {"model": "admin.logentry", "pk": 117, "fields": {"action_time": "2023-11-14T10:32:54.647Z", "user": 1, "content_type": 9, "object_id": "26", "object_repr": "a6p5qflgmphl1euq21gfvvtbtgr8i81q", "action_flag": 3, "change_message": ""}}, {"model": "admin.logentry", "pk": 118, "fields": {"action_time": "2023-11-14T10:46:43.841Z", "user": 1, "content_type": 9, "object_id": "28", "object_repr": "ohe4zjfuwux9fksrywgngr7kwhz8brwq", "action_flag": 3, "change_message": ""}}, {"model": "admin.logentry", "pk": 119, "fields": {"action_time": "2023-11-14T11:06:37.390Z", "user": 1, "content_type": 9, "object_id": "29", "object_repr": "u8a8vlfyvcya33xktmvg7zzubhfytszk", "action_flag": 3, "change_message": ""}}, {"model": "admin.logentry", "pk": 120, "fields": {"action_time": "2023-11-15T03:28:18.113Z", "user": 1, "content_type": 13, "object_id": "1", "object_repr": "Mudassar", "action_flag": 3, "change_message": ""}}, {"model": "admin.logentry", "pk": 121, "fields": {"action_time": "2023-11-15T15:43:24.722Z", "user": 1, "content_type": 10, "object_id": "136", "object_repr": "CartItem object (136)", "action_flag": 3, "change_message": ""}}, {"model": "admin.logentry", "pk": 122, "fields": {"action_time": "2023-11-15T15:43:24.734Z", "user": 1, "content_type": 10, "object_id": "132", "object_repr": "CartItem object (132)", "action_flag": 3, "change_message": ""}}, {"model": "admin.logentry", "pk": 123, "fields": {"action_time": "2023-11-15T15:43:45.404Z", "user": 1, "content_type": 13, "object_id": "46", "object_repr": "Mudassar", "action_flag": 3, "change_message": ""}}, {"model": "admin.logentry", "pk": 124, "fields": {"action_time": "2023-11-15T15:43:45.414Z", "user": 1, "content_type": 13, "object_id": "45", "object_repr": "Mudassar", "action_flag": 3, "change_message": ""}}, {"model": "admin.logentry", "pk": 125, "fields": {"action_time": "2023-11-15T15:43:45.426Z", "user": 1, "content_type": 13, "object_id": "44", "object_repr": "Mudassar", "action_flag": 3, "change_message": ""}}, {"model": "admin.logentry", "pk": 126, "fields": {"action_time": "2023-11-15T15:43:45.437Z", "user": 1, "content_type": 13, "object_id": "43", "object_repr": "Mudassar", "action_flag": 3, "change_message": ""}}, {"model": "admin.logentry", "pk": 127, "fields": {"action_time": "2023-11-15T15:43:45.445Z", "user": 1, "content_type": 13, "object_id": "42", "object_repr": "Mudassar", "action_flag": 3, "change_message": ""}}, {"model": "admin.logentry", "pk": 128, "fields": {"action_time": "2023-11-15T15:43:45.460Z", "user": 1, "content_type": 13, "object_id": "41", "object_repr": "Mudassar", "action_flag": 3, "change_message": ""}}, {"model": "admin.logentry", "pk": 129, "fields": {"action_time": "2023-11-15T15:43:45.470Z", "user": 1, "content_type": 13, "object_id": "40", "object_repr": "Mudassar", "action_flag": 3, "change_message": ""}}, {"model": "admin.logentry", "pk": 130, "fields": {"action_time": "2023-11-15T15:43:45.479Z", "user": 1, "content_type": 13, "object_id": "39", "object_repr": "Mudassar", "action_flag": 3, "change_message": ""}}, {"model": "admin.logentry", "pk": 131, "fields": {"action_time": "2023-11-15T15:43:45.491Z", "user": 1, "content_type": 13, "object_id": "38", "object_repr": "Mudassar", "action_flag": 3, "change_message": ""}}, {"model": "admin.logentry", "pk": 132, "fields": {"action_time": "2023-11-15T15:43:45.502Z", "user": 1, "content_type": 13, "object_id": "37", "object_repr": "Mudassar", "action_flag": 3, "change_message": ""}}, {"model": "admin.logentry", "pk": 133, "fields": {"action_time": "2023-11-15T15:43:45.514Z", "user": 1, "content_type": 13, "object_id": "36", "object_repr": "Mudassar", "action_flag": 3, "change_message": ""}}, {"model": "admin.logentry", "pk": 134, "fields": {"action_time": "2023-11-15T15:43:45.526Z", "user": 1, "content_type": 13, "object_id": "35", "object_repr": "Mudassar", "action_flag": 3, "change_message": ""}}, {"model": "admin.logentry", "pk": 135, "fields": {"action_time": "2023-11-15T15:43:45.536Z", "user": 1, "content_type": 13, "object_id": "34", "object_repr": "Mudassar", "action_flag": 3, "change_message": ""}}, {"model": "admin.logentry", "pk": 136, "fields": {"action_time": "2023-11-15T15:43:45.544Z", "user": 1, "content_type": 13, "object_id": "33", "object_repr": "Mudassar", "action_flag": 3, "change_message": ""}}, {"model": "admin.logentry", "pk": 137, "fields": {"action_time": "2023-11-15T15:43:45.556Z", "user": 1, "content_type": 13, "object_id": "32", "object_repr": "Mudassar", "action_flag": 3, "change_message": ""}}, {"model": "admin.logentry", "pk": 138, "fields": {"action_time": "2023-11-15T15:43:45.568Z", "user": 1, "content_type": 13, "object_id": "31", "object_repr": "Mudassar", "action_flag": 3, "change_message": ""}}, {"model": "admin.logentry", "pk": 139, "fields": {"action_time": "2023-11-15T15:43:45.576Z", "user": 1, "content_type": 13, "object_id": "30", "object_repr": "Mudassar", "action_flag": 3, "change_message": ""}}, {"model": "admin.logentry", "pk": 140, "fields": {"action_time": "2023-11-15T15:43:45.588Z", "user": 1, "content_type": 13, "object_id": "29", "object_repr": "Mudassar", "action_flag": 3, "change_message": ""}}, {"model": "admin.logentry", "pk": 141, "fields": {"action_time": "2023-11-15T15:43:45.600Z", "user": 1, "content_type": 13, "object_id": "28", "object_repr": "Mudassar", "action_flag": 3, "change_message": ""}}, {"model": "admin.logentry", "pk": 142, "fields": {"action_time": "2023-11-15T15:43:45.608Z", "user": 1, "content_type": 13, "object_id": "27", "object_repr": "Mudassar", "action_flag": 3, "change_message": ""}}, {"model": "admin.logentry", "pk": 143, "fields": {"action_time": "2023-11-15T15:43:45.621Z", "user": 1, "content_type": 13, "object_id": "26", "object_repr": "Mudassar", "action_flag": 3, "change_message": ""}}, {"model": "admin.logentry", "pk": 144, "fields": {"action_time": "2023-11-15T15:43:45.633Z", "user": 1, "content_type": 13, "object_id": "25", "object_repr": "Mudassar", "action_flag": 3, "change_message": ""}}, {"model": "admin.logentry", "pk": 145, "fields": {"action_time": "2023-11-15T15:43:45.641Z", "user": 1, "content_type": 13, "object_id": "24", "object_repr": "Mudassar", "action_flag": 3, "change_message": ""}}, {"model": "admin.logentry", "pk": 146, "fields": {"action_time": "2023-11-15T15:43:45.653Z", "user": 1, "content_type": 13, "object_id": "23", "object_repr": "Mudassar", "action_flag": 3, "change_message": ""}}, {"model": "admin.logentry", "pk": 147, "fields": {"action_time": "2023-11-15T15:43:45.663Z", "user": 1, "content_type": 13, "object_id": "22", "object_repr": "Mudassar", "action_flag": 3, "change_message": ""}}, {"model": "admin.logentry", "pk": 148, "fields": {"action_time": "2023-11-15T15:43:45.673Z", "user": 1, "content_type": 13, "object_id": "21", "object_repr": "Mudassar", "action_flag": 3, "change_message": ""}}, {"model": "admin.logentry", "pk": 149, "fields": {"action_time": "2023-11-15T15:43:45.685Z", "user": 1, "content_type": 13, "object_id": "20", "object_repr": "Mudassar", "action_flag": 3, "change_message": ""}}, {"model": "admin.logentry", "pk": 150, "fields": {"action_time": "2023-11-15T15:43:45.694Z", "user": 1, "content_type": 13, "object_id": "19", "object_repr": "Mudassar", "action_flag": 3, "change_message": ""}}, {"model": "admin.logentry", "pk": 151, "fields": {"action_time": "2023-11-15T15:43:45.704Z", "user": 1, "content_type": 13, "object_id": "18", "object_repr": "Mudassar", "action_flag": 3, "change_message": ""}}, {"model": "admin.logentry", "pk": 152, "fields": {"action_time": "2023-11-15T15:43:45.715Z", "user": 1, "content_type": 13, "object_id": "17", "object_repr": "Mudassar", "action_flag": 3, "change_message": ""}}, {"model": "admin.logentry", "pk": 153, "fields": {"action_time": "2023-11-15T15:43:45.727Z", "user": 1, "content_type": 13, "object_id": "16", "object_repr": "Mudassar", "action_flag": 3, "change_message": ""}}, {"model": "admin.logentry", "pk": 154, "fields": {"action_time": "2023-11-15T15:43:45.736Z", "user": 1, "content_type": 13, "object_id": "15", "object_repr": "Mudassar", "action_flag": 3, "change_message": ""}}, {"model": "admin.logentry", "pk": 155, "fields": {"action_time": "2023-11-15T15:43:45.748Z", "user": 1, "content_type": 13, "object_id": "14", "object_repr": "Mudassar", "action_flag": 3, "change_message": ""}}, {"model": "admin.logentry", "pk": 156, "fields": {"action_time": "2023-11-15T15:43:45.759Z", "user": 1, "content_type": 13, "object_id": "13", "object_repr": "Mudassar", "action_flag": 3, "change_message": ""}}, {"model": "admin.logentry", "pk": 157, "fields": {"action_time": "2023-11-15T15:43:45.769Z", "user": 1, "content_type": 13, "object_id": "12", "object_repr": "Mudassar", "action_flag": 3, "change_message": ""}}, {"model": "admin.logentry", "pk": 158, "fields": {"action_time": "2023-11-15T15:43:45.780Z", "user": 1, "content_type": 13, "object_id": "11", "object_repr": "Mudassar", "action_flag": 3, "change_message": ""}}, {"model": "admin.logentry", "pk": 159, "fields": {"action_time": "2023-11-15T15:43:45.789Z", "user": 1, "content_type": 13, "object_id": "10", "object_repr": "Mudassar", "action_flag": 3, "change_message": ""}}, {"model": "admin.logentry", "pk": 160, "fields": {"action_time": "2023-11-15T15:43:45.799Z", "user": 1, "content_type": 13, "object_id": "9", "object_repr": "Mudassar", "action_flag": 3, "change_message": ""}}, {"model": "admin.logentry", "pk": 161, "fields": {"action_time": "2023-11-15T15:43:45.810Z", "user": 1, "content_type": 13, "object_id": "8", "object_repr": "Mudassar", "action_flag": 3, "change_message": ""}}, {"model": "admin.logentry", "pk": 162, "fields": {"action_time": "2023-11-15T15:43:45.820Z", "user": 1, "content_type": 13, "object_id": "7", "object_repr": "Mudassar", "action_flag": 3, "change_message": ""}}, {"model": "admin.logentry", "pk": 163, "fields": {"action_time": "2023-11-15T15:43:45.828Z", "user": 1, "content_type": 13, "object_id": "6", "object_repr": "Mudassar", "action_flag": 3, "change_message": ""}}, {"model": "admin.logentry", "pk": 164, "fields": {"action_time": "2023-11-15T15:43:45.840Z", "user": 1, "content_type": 13, "object_id": "5", "object_repr": "Mudassar", "action_flag": 3, "change_message": ""}}, {"model": "admin.logentry", "pk": 165, "fields": {"action_time": "2023-11-15T15:43:45.850Z", "user": 1, "content_type": 13, "object_id": "4", "object_repr": "Mudassar", "action_flag": 3, "change_message": ""}}, {"model": "admin.logentry", "pk": 166, "fields": {"action_time": "2023-11-15T15:43:45.858Z", "user": 1, "content_type": 13, "object_id": "3", "object_repr": "Mudassar", "action_flag": 3, "change_message": ""}}, {"model": "admin.logentry", "pk": 167, "fields": {"action_time": "2023-11-15T15:43:45.869Z", "user": 1, "content_type": 13, "object_id": "2", "object_repr": "Mudassar", "action_flag": 3, "change_message": ""}}, {"model": "admin.logentry", "pk": 168, "fields": {"action_time": "2023-11-15T15:49:07.693Z", "user": 1, "content_type": 13, "object_id": "47", "object_repr": "mudassar", "action_flag": 3, "change_message": ""}}, {"model": "admin.logentry", "pk": 169, "fields": {"action_time": "2023-11-15T16:28:28.327Z", "user": 1, "content_type": 13, "object_id": "49", "object_repr": "Mudassar", "action_flag": 3, "change_message": ""}}, {"model": "admin.logentry", "pk": 170, "fields": {"action_time": "2023-11-15T16:28:28.338Z", "user": 1, "content_type": 13, "object_id": "48", "object_repr": "Mudassar", "action_flag": 3, "change_message": ""}}, {"model": "admin.logentry", "pk": 171, "fields": {"action_time": "2023-11-15T17:07:56.436Z", "user": 1, "content_type": 13, "object_id": "60", "object_repr": "Mudassar", "action_flag": 3, "change_message": ""}}, {"model": "admin.logentry", "pk": 172, "fields": {"action_time": "2023-11-15T17:07:56.451Z", "user": 1, "content_type": 13, "object_id": "59", "object_repr": "Mudassar", "action_flag": 3, "change_message": ""}}, {"model": "admin.logentry", "pk": 173, "fields": {"action_time": "2023-11-15T17:07:56.461Z", "user": 1, "content_type": 13, "object_id": "58", "object_repr": "Mudassar", "action_flag": 3, "change_message": ""}}, {"model": "admin.logentry", "pk": 174, "fields": {"action_time": "2023-11-15T17:07:56.472Z", "user": 1, "content_type": 13, "object_id": "57", "object_repr": "Mudassar", "action_flag": 3, "change_message": ""}}, {"model": "admin.logentry", "pk": 175, "fields": {"action_time": "2023-11-15T17:07:56.480Z", "user": 1, "content_type": 13, "object_id": "56", "object_repr": "Mudassar", "action_flag": 3, "change_message": ""}}, {"model": "admin.logentry", "pk": 176, "fields": {"action_time": "2023-11-15T17:07:56.491Z", "user": 1, "content_type": 13, "object_id": "55", "object_repr": "Mudassar", "action_flag": 3, "change_message": ""}}, {"model": "admin.logentry", "pk": 177, "fields": {"action_time": "2023-11-15T17:07:56.501Z", "user": 1, "content_type": 13, "object_id": "54", "object_repr": "Mudassar", "action_flag": 3, "change_message": ""}}, {"model": "admin.logentry", "pk": 178, "fields": {"action_time": "2023-11-15T17:07:56.513Z", "user": 1, "content_type": 13, "object_id": "53", "object_repr": "Mudassar", "action_flag": 3, "change_message": ""}}, {"model": "admin.logentry", "pk": 179, "fields": {"action_time": "2023-11-15T17:07:56.526Z", "user": 1, "content_type": 13, "object_id": "52", "object_repr": "Mudassar", "action_flag": 3, "change_message": ""}}, {"model": "admin.logentry", "pk": 180, "fields": {"action_time": "2023-11-15T17:07:56.534Z", "user": 1, "content_type": 13, "object_id": "51", "object_repr": "Mudassar", "action_flag": 3, "change_message": ""}}, {"model": "admin.logentry", "pk": 181, "fields": {"action_time": "2023-11-15T17:07:56.546Z", "user": 1, "content_type": 13, "object_id": "50", "object_repr": "Mudassar", "action_flag": 3, "change_message": ""}}, {"model": "admin.logentry", "pk": 182, "fields": {"action_time": "2023-11-15T17:19:27.925Z", "user": 1, "content_type": 13, "object_id": "62", "object_repr": "Mudassar", "action_flag": 3, "change_message": ""}}, {"model": "admin.logentry", "pk": 183, "fields": {"action_time": "2023-11-15T17:19:27.936Z", "user": 1, "content_type": 13, "object_id": "61", "object_repr": "Mudassar", "action_flag": 3, "change_message": ""}}, {"model": "admin.logentry", "pk": 184, "fields": {"action_time": "2023-11-16T03:16:06.392Z", "user": 1, "content_type": 13, "object_id": "64", "object_repr": "Mudassar", "action_flag": 3, "change_message": ""}}, {"model": "admin.logentry", "pk": 185, "fields": {"action_time": "2023-11-16T03:16:06.400Z", "user": 1, "content_type": 13, "object_id": "63", "object_repr": "Mudassar", "action_flag": 3, "change_message": ""}}, {"model": "admin.logentry", "pk": 186, "fields": {"action_time": "2023-11-16T03:54:44.055Z", "user": 1, "content_type": 13, "object_id": "65", "object_repr": "Mudassar", "action_flag": 3, "change_message": ""}}, {"model": "admin.logentry", "pk": 187, "fields": {"action_time": "2023-11-16T05:13:33.872Z", "user": 1, "content_type": 13, "object_id": "66", "object_repr": "Mudassar", "action_flag": 3, "change_message": ""}}, {"model": "admin.logentry", "pk": 188, "fields": {"action_time": "2023-11-16T05:13:40.613Z", "user": 1, "content_type": 14, "object_id": "1", "object_repr": "6DH82706KT241742H", "action_flag": 3, "change_message": ""}}, {"model": "admin.logentry", "pk": 189, "fields": {"action_time": "2023-11-16T05:21:47.192Z", "user": 1, "content_type": 8, "object_id": "6", "object_repr": "Iphone", "action_flag": 2, "change_message": "[{\"changed\": {\"fields\": [\"Price\"]}}]"}}, {"model": "admin.logentry", "pk": 190, "fields": {"action_time": "2023-11-16T05:22:01.030Z", "user": 1, "content_type": 8, "object_id": "5", "object_repr": "Apple", "action_flag": 2, "change_message": "[{\"changed\": {\"fields\": [\"Price\"]}}]"}}, {"model": "admin.logentry", "pk": 191, "fields": {"action_time": "2023-11-16T05:22:16.983Z", "user": 1, "content_type": 8, "object_id": "4", "object_repr": "xbox one x", "action_flag": 2, "change_message": "[{\"changed\": {\"fields\": [\"Price\"]}}]"}}, {"model": "admin.logentry", "pk": 192, "fields": {"action_time": "2023-11-16T05:22:25.430Z", "user": 1, "content_type": 8, "object_id": "3", "object_repr": "xbox one s", "action_flag": 2, "change_message": "[{\"changed\": {\"fields\": [\"Price\"]}}]"}}, {"model": "admin.logentry", "pk": 193, "fields": {"action_time": "2023-11-16T05:22:30.502Z", "user": 1, "content_type": 8, "object_id": "2", "object_repr": "PS4", "action_flag": 2, "change_message": "[{\"changed\": {\"fields\": [\"Price\"]}}]"}}, {"model": "admin.logentry", "pk": 194, "fields": {"action_time": "2023-11-16T05:22:40.799Z", "user": 1, "content_type": 8, "object_id": "1", "object_repr": "Ps5", "action_flag": 2, "change_message": "[{\"changed\": {\"fields\": [\"Price\"]}}]"}}, {"model": "admin.logentry", "pk": 195, "fields": {"action_time": "2023-11-16T05:31:49.049Z", "user": 1, "content_type": 14, "object_id": "4", "object_repr": "21L05742W8728004S", "action_flag": 3, "change_message": ""}}, {"model": "admin.logentry", "pk": 196, "fields": {"action_time": "2023-11-16T05:31:49.057Z", "user": 1, "content_type": 14, "object_id": "3", "object_repr": "2Y06726657633813K", "action_flag": 3, "change_message": ""}}, {"model": "admin.logentry", "pk": 197, "fields": {"action_time": "2023-11-16T05:31:49.066Z", "user": 1, "content_type": 14, "object_id": "2", "object_repr": "2TK276598C280173L", "action_flag": 3, "change_message": ""}}, {"model": "admin.logentry", "pk": 198, "fields": {"action_time": "2023-11-16T05:31:56.604Z", "user": 1, "content_type": 13, "object_id": "69", "object_repr": "Mudassar", "action_flag": 3, "change_message": ""}}, {"model": "admin.logentry", "pk": 199, "fields": {"action_time": "2023-11-16T05:31:56.613Z", "user": 1, "content_type": 13, "object_id": "68", "object_repr": "Mudassar", "action_flag": 3, "change_message": ""}}, {"model": "admin.logentry", "pk": 200, "fields": {"action_time": "2023-11-16T05:31:56.621Z", "user": 1, "content_type": 13, "object_id": "67", "object_repr": "Mudassar", "action_flag": 3, "change_message": ""}}, {"model": "admin.logentry", "pk": 201, "fields": {"action_time": "2023-11-16T05:40:01.499Z", "user": 1, "content_type": 12, "object_id": "4", "object_repr": "PS4", "action_flag": 3, "change_message": ""}}, {"model": "admin.logentry", "pk": 202, "fields": {"action_time": "2023-11-16T05:40:01.509Z", "user": 1, "content_type": 12, "object_id": "3", "object_repr": "PS4", "action_flag": 3, "change_message": ""}}, {"model": "admin.logentry", "pk": 203, "fields": {"action_time": "2023-11-16T05:40:07.696Z", "user": 1, "content_type": 13, "object_id": "71", "object_repr": "Mudassar", "action_flag": 3, "change_message": ""}}, {"model": "admin.logentry", "pk": 204, "fields": {"action_time": "2023-11-16T05:40:07.707Z", "user": 1, "content_type": 13, "object_id": "70", "object_repr": "Mudassar", "action_flag": 3, "change_message": ""}}, {"model": "admin.logentry", "pk": 205, "fields": {"action_time": "2023-11-16T05:40:14.391Z", "user": 1, "content_type": 14, "object_id": "6", "object_repr": "12G41777NU779901B", "action_flag": 3, "change_message": ""}}, {"model": "admin.logentry", "pk": 206, "fields": {"action_time": "2023-11-16T05:40:14.399Z", "user": 1, "content_type": 14, "object_id": "5", "object_repr": "9LK36397UB9971623", "action_flag": 3, "change_message": ""}}, {"model": "admin.logentry", "pk": 207, "fields": {"action_time": "2023-11-16T15:38:38.795Z", "user": 1, "content_type": 8, "object_id": "5", "object_repr": "Apple", "action_flag": 2, "change_message": "[{\"changed\": {\"fields\": [\"Stock\"]}}]"}}, {"model": "admin.logentry", "pk": 208, "fields": {"action_time": "2023-11-17T06:43:35.920Z", "user": 1, "content_type": 16, "object_id": "1", "object_repr": "msb", "action_flag": 1, "change_message": "[{\"added\": {}}]"}}, {"model": "admin.logentry", "pk": 209, "fields": {"action_time": "2023-11-17T14:06:56.319Z", "user": 1, "content_type": 16, "object_id": "2", "object_repr": "Mudassar", "action_flag": 1, "change_message": "[{\"added\": {}}]"}}, {"model": "admin.logentry", "pk": 210, "fields": {"action_time": "2023-11-17T14:08:54.112Z", "user": 1, "content_type": 8, "object_id": "6", "object_repr": "Iphone", "action_flag": 2, "change_message": "[{\"added\": {\"name\": \"productgallery\", \"object\": \"Iphone\"}}]"}}, {"model": "admin.logentry", "pk": 211, "fields": {"action_time": "2023-11-17T14:09:20.040Z", "user": 1, "content_type": 17, "object_id": "1", "object_repr": "Iphone", "action_flag": 3, "change_message": ""}}, {"model": "admin.logentry", "pk": 212, "fields": {"action_time": "2023-11-17T14:13:17.221Z", "user": 1, "content_type": 8, "object_id": "2", "object_repr": "PS4", "action_flag": 2, "change_message": "[{\"added\": {\"name\": \"productgallery\", \"object\": \"PS4\"}}]"}}, {"model": "admin.logentry", "pk": 213, "fields": {"action_time": "2023-11-17T14:13:25.949Z", "user": 1, "content_type": 8, "object_id": "2", "object_repr": "PS4", "action_flag": 2, "change_message": "[{\"added\": {\"name\": \"productgallery\", \"object\": \"PS4\"}}]"}}, {"model": "admin.logentry", "pk": 214, "fields": {"action_time": "2023-11-17T14:13:34.254Z", "user": 1, "content_type": 8, "object_id": "2", "object_repr": "PS4", "action_flag": 2, "change_message": "[{\"added\": {\"name\": \"productgallery\", \"object\": \"PS4\"}}]"}}, {"model": "auth.permission", "pk": 1, "fields": {"name": "Can add account", "content_type": 1, "codename": "add_account"}}, {"model": "auth.permission", "pk": 2, "fields": {"name": "Can change account", "content_type": 1, "codename": "change_account"}}, {"model": "auth.permission", "pk": 3, "fields": {"name": "Can delete account", "content_type": 1, "codename": "delete_account"}}, {"model": "auth.permission", "pk": 4, "fields": {"name": "Can view account", "content_type": 1, "codename": "view_account"}}, {"model": "auth.permission", "pk": 5, "fields": {"name": "Can add category", "content_type": 2, "codename": "add_category"}}, {"model": "auth.permission", "pk": 6, "fields": {"name": "Can change category", "content_type": 2, "codename": "change_category"}}, {"model": "auth.permission", "pk": 7, "fields": {"name": "Can delete category", "content_type": 2, "codename": "delete_category"}}, {"model": "auth.permission", "pk": 8, "fields": {"name": "Can view category", "content_type": 2, "codename": "view_category"}}, {"model": "auth.permission", "pk": 9, "fields": {"name": "Can add log entry", "content_type": 3, "codename": "add_logentry"}}, {"model": "auth.permission", "pk": 10, "fields": {"name": "Can change log entry", "content_type": 3, "codename": "change_logentry"}}, {"model": "auth.permission", "pk": 11, "fields": {"name": "Can delete log entry", "content_type": 3, "codename": "delete_logentry"}}, {"model": "auth.permission", "pk": 12, "fields": {"name": "Can view log entry", "content_type": 3, "codename": "view_logentry"}}, {"model": "auth.permission", "pk": 13, "fields": {"name": "Can add permission", "content_type": 4, "codename": "add_permission"}}, {"model": "auth.permission", "pk": 14, "fields": {"name": "Can change permission", "content_type": 4, "codename": "change_permission"}}, {"model": "auth.permission", "pk": 15, "fields": {"name": "Can delete permission", "content_type": 4, "codename": "delete_permission"}}, {"model": "auth.permission", "pk": 16, "fields": {"name": "Can view permission", "content_type": 4, "codename": "view_permission"}}, {"model": "auth.permission", "pk": 17, "fields": {"name": "Can add group", "content_type": 5, "codename": "add_group"}}, {"model": "auth.permission", "pk": 18, "fields": {"name": "Can change group", "content_type": 5, "codename": "change_group"}}, {"model": "auth.permission", "pk": 19, "fields": {"name": "Can delete group", "content_type": 5, "codename": "delete_group"}}, {"model": "auth.permission", "pk": 20, "fields": {"name": "Can view group", "content_type": 5, "codename": "view_group"}}, {"model": "auth.permission", "pk": 21, "fields": {"name": "Can add content type", "content_type": 6, "codename": "add_contenttype"}}, {"model": "auth.permission", "pk": 22, "fields": {"name": "Can change content type", "content_type": 6, "codename": "change_contenttype"}}, {"model": "auth.permission", "pk": 23, "fields": {"name": "Can delete content type", "content_type": 6, "codename": "delete_contenttype"}}, {"model": "auth.permission", "pk": 24, "fields": {"name": "Can view content type", "content_type": 6, "codename": "view_contenttype"}}, {"model": "auth.permission", "pk": 25, "fields": {"name": "Can add session", "content_type": 7, "codename": "add_session"}}, {"model": "auth.permission", "pk": 26, "fields": {"name": "Can change session", "content_type": 7, "codename": "change_session"}}, {"model": "auth.permission", "pk": 27, "fields": {"name": "Can delete session", "content_type": 7, "codename": "delete_session"}}, {"model": "auth.permission", "pk": 28, "fields": {"name": "Can view session", "content_type": 7, "codename": "view_session"}}, {"model": "auth.permission", "pk": 29, "fields": {"name": "Can add product", "content_type": 8, "codename": "add_product"}}, {"model": "auth.permission", "pk": 30, "fields": {"name": "Can change product", "content_type": 8, "codename": "change_product"}}, {"model": "auth.permission", "pk": 31, "fields": {"name": "Can delete product", "content_type": 8, "codename": "delete_product"}}, {"model": "auth.permission", "pk": 32, "fields": {"name": "Can view product", "content_type": 8, "codename": "view_product"}}, {"model": "auth.permission", "pk": 33, "fields": {"name": "Can add cart", "content_type": 9, "codename": "add_cart"}}, {"model": "auth.permission", "pk": 34, "fields": {"name": "Can change cart", "content_type": 9, "codename": "change_cart"}}, {"model": "auth.permission", "pk": 35, "fields": {"name": "Can delete cart", "content_type": 9, "codename": "delete_cart"}}, {"model": "auth.permission", "pk": 36, "fields": {"name": "Can view cart", "content_type": 9, "codename": "view_cart"}}, {"model": "auth.permission", "pk": 37, "fields": {"name": "Can add cart item", "content_type": 10, "codename": "add_cartitem"}}, {"model": "auth.permission", "pk": 38, "fields": {"name": "Can change cart item", "content_type": 10, "codename": "change_cartitem"}}, {"model": "auth.permission", "pk": 39, "fields": {"name": "Can delete cart item", "content_type": 10, "codename": "delete_cartitem"}}, {"model": "auth.permission", "pk": 40, "fields": {"name": "Can view cart item", "content_type": 10, "codename": "view_cartitem"}}, {"model": "auth.permission", "pk": 41, "fields": {"name": "Can add variations", "content_type": 11, "codename": "add_variations"}}, {"model": "auth.permission", "pk": 42, "fields": {"name": "Can change variations", "content_type": 11, "codename": "change_variations"}}, {"model": "auth.permission", "pk": 43, "fields": {"name": "Can delete variations", "content_type": 11, "codename": "delete_variations"}}, {"model": "auth.permission", "pk": 44, "fields": {"name": "Can view variations", "content_type": 11, "codename": "view_variations"}}, {"model": "auth.permission", "pk": 45, "fields": {"name": "Can add variation", "content_type": 11, "codename": "add_variation"}}, {"model": "auth.permission", "pk": 46, "fields": {"name": "Can change variation", "content_type": 11, "codename": "change_variation"}}, {"model": "auth.permission", "pk": 47, "fields": {"name": "Can delete variation", "content_type": 11, "codename": "delete_variation"}}, {"model": "auth.permission", "pk": 48, "fields": {"name": "Can view variation", "content_type": 11, "codename": "view_variation"}}, {"model": "auth.permission", "pk": 49, "fields": {"name": "Can add order product", "content_type": 12, "codename": "add_orderproduct"}}, {"model": "auth.permission", "pk": 50, "fields": {"name": "Can change order product", "content_type": 12, "codename": "change_orderproduct"}}, {"model": "auth.permission", "pk": 51, "fields": {"name": "Can delete order product", "content_type": 12, "codename": "delete_orderproduct"}}, {"model": "auth.permission", "pk": 52, "fields": {"name": "Can view order product", "content_type": 12, "codename": "view_orderproduct"}}, {"model": "auth.permission", "pk": 53, "fields": {"name": "Can add order", "content_type": 13, "codename": "add_order"}}, {"model": "auth.permission", "pk": 54, "fields": {"name": "Can change order", "content_type": 13, "codename": "change_order"}}, {"model": "auth.permission", "pk": 55, "fields": {"name": "Can delete order", "content_type": 13, "codename": "delete_order"}}, {"model": "auth.permission", "pk": 56, "fields": {"name": "Can view order", "content_type": 13, "codename": "view_order"}}, {"model": "auth.permission", "pk": 57, "fields": {"name": "Can add payment", "content_type": 14, "codename": "add_payment"}}, {"model": "auth.permission", "pk": 58, "fields": {"name": "Can change payment", "content_type": 14, "codename": "change_payment"}}, {"model": "auth.permission", "pk": 59, "fields": {"name": "Can delete payment", "content_type": 14, "codename": "delete_payment"}}, {"model": "auth.permission", "pk": 60, "fields": {"name": "Can view payment", "content_type": 14, "codename": "view_payment"}}, {"model": "auth.permission", "pk": 61, "fields": {"name": "Can add review rating", "content_type": 15, "codename": "add_reviewrating"}}, {"model": "auth.permission", "pk": 62, "fields": {"name": "Can change review rating", "content_type": 15, "codename": "change_reviewrating"}}, {"model": "auth.permission", "pk": 63, "fields": {"name": "Can delete review rating", "content_type": 15, "codename": "delete_reviewrating"}}, {"model": "auth.permission", "pk": 64, "fields": {"name": "Can view review rating", "content_type": 15, "codename": "view_reviewrating"}}, {"model": "auth.permission", "pk": 65, "fields": {"name": "Can add user profile", "content_type": 16, "codename": "add_userprofile"}}, {"model": "auth.permission", "pk": 66, "fields": {"name": "Can change user profile", "content_type": 16, "codename": "change_userprofile"}}, {"model": "auth.permission", "pk": 67, "fields": {"name": "Can delete user profile", "content_type": 16, "codename": "delete_userprofile"}}, {"model": "auth.permission", "pk": 68, "fields": {"name": "Can view user profile", "content_type": 16, "codename": "view_userprofile"}}, {"model": "auth.permission", "pk": 69, "fields": {"name": "Can add productgallery", "content_type": 17, "codename": "add_productgallery"}}, {"model": "auth.permission", "pk": 70, "fields": {"name": "Can change productgallery", "content_type": 17, "codename": "change_productgallery"}}, {"model": "auth.permission", "pk": 71, "fields": {"name": "Can delete productgallery", "content_type": 17, "codename": "delete_productgallery"}}, {"model": "auth.permission", "pk": 72, "fields": {"name": "Can view productgallery", "content_type": 17, "codename": "view_productgallery"}}, {"model": "auth.permission", "pk": 73, "fields": {"name": "Can add login attempt", "content_type": 18, "codename": "add_loginattempt"}}, {"model": "auth.permission", "pk": 74, "fields": {"name": "Can change login attempt", "content_type": 18, "codename": "change_loginattempt"}}, {"model": "auth.permission", "pk": 75, "fields": {"name": "Can delete login attempt", "content_type": 18, "codename": "delete_loginattempt"}}, {"model": "auth.permission", "pk": 76, "fields": {"name": "Can view login attempt", "content_type": 18, "codename": "view_loginattempt"}}, {"model": "contenttypes.contenttype", "pk": 1, "fields": {"app_label": "accounts", "model": "account"}}, {"model": "contenttypes.contenttype", "pk": 2, "fields": {"app_label": "category", "model": "category"}}, {"model": "contenttypes.contenttype", "pk": 3, "fields": {"app_label": "admin", "model": "logentry"}}, {"model": "contenttypes.contenttype", "pk": 4, "fields": {"app_label": "auth", "model": "permission"}}, {"model": "contenttypes.contenttype", "pk": 5, "fields": {"app_label": "auth", "model": "group"}}, {"model": "contenttypes.contenttype", "pk": 6, "fields": {"app_label": "contenttypes", "model": "contenttype"}}, {"model": "contenttypes.contenttype", "pk": 7, "fields": {"app_label": "sessions", "model": "session"}}, {"model": "contenttypes.contenttype", "pk": 8, "fields": {"app_label": "store", "model": "product"}}, {"model": "contenttypes.contenttype", "pk": 9, "fields": {"app_label": "cart", "model": "cart"}}, {"model": "contenttypes.contenttype", "pk": 10, "fields": {"app_label": "cart", "model": "cartitem"}}, {"model": "contenttypes.contenttype", "pk": 11, "fields": {"app_label": "store", "model": "variation"}}, {"model": "contenttypes.contenttype", "pk": 12, "fields": {"app_label": "orders", "model": "orderproduct"}}, {"model": "contenttypes.contenttype", "pk": 13, "fields": {"app_label": "orders", "model": "order"}}, {"model": "contenttypes.contenttype", "pk": 14, "fields": {"app_label": "orders", "model": "payment"}}, {"model": "contenttypes.contenttype", "pk": 15, "fields": {"app_label": "store", "model": "reviewrating"}}, {"model": "contenttypes.contenttype", "pk": 16, "fields": {"app_label": "accounts", "model": "userprofile"}}, {"model": "contenttypes.contenttype", "pk": 17, "fields": {"app_label": "store", "model": "productgallery"}}, {"model": "contenttypes.contenttype", "pk": 18, "fields": {"app_label": "admin_honeypot", "model": "loginattempt"}}, {"model": "sessions.session", "pk": "57ekvahfcr08mz49qucejbm2nmdie3js", "fields": {"session_data": "e30:1r2n5G:nM1IZs3TvYVPfVCVLQvZKoulPp3ZgzGLKF2CaUsS5sY", "expire_date": "2023-11-28T06:39:38.820Z"}}, {"model": "sessions.session", "pk": "657zj1p9gg2cyv29sw49jb2zih89ypgp", "fields": {"session_data": ".eJxVjkEOwiAURO_C2hBAPrRduvcM5EN_LWrBFLoy3l2adNPtezOT-TJXqJSYk4spVlfjQqXi8nFskFYIdTVaW95LozvoLszhVme3FVpdHNnAJDsxj-FFaRfjE9Mj85BTXaPne4QftvB7Hul9O7KngRnL3No2BNAqmF6Y9gCV8R5BwBVANQTG0hQAkIS2oDSCtFNQE3oxkmmsZ78_381FZA:1r41BB:faTHE7prpwNGFZcrsBEYcb-TzkmreIbWx7fLa79AATs", "expire_date": "2023-12-01T15:54:49.634Z"}}, {"model": "sessions.session", "pk": "ar0nmeazb2uq8v26h1u07mnx70zopbfk", "fields": {"session_data": ".eJxVjDsOwjAQBe_iGlmO1z8o6XMGa73e4ACypTipEHeHSCmgfTPzXiLitpa4dV7inMVFAIjT75iQHlx3ku9Yb01Sq-syJ7kr8qBdji3z83q4fwcFe_nWBMRsklPaIFuvFKQwOQiOJm00DMaeDSfLObDyxrugB7TZUsaQlAYW7w8BmzfO:1r3ICX:rEC5wX2hylennhIyYbnYakEMulgx4RY8PdlSJPAbS0Y", "expire_date": "2023-11-29T15:53:13.197Z"}}, {"model": "sessions.session", "pk": "cj46uvx2d5ui2obrdebd72g1k9m6yytz", "fields": {"session_data": "e30:1r2n5e:hnl_gsjjPxlGk1FbhfeghPgVvnaC9kj6gjhR8UeDWr0", "expire_date": "2023-11-28T06:40:02.388Z"}}, {"model": "sessions.session", "pk": "cs8j8fv6i0e0kci6i88pckg1n2dc3i7n", "fields": {"session_data": "e30:1r2Tb8:VXdjiQDVSnuwyjqhpHm9Op4MNmDzQMDK9qtmTtWw17g", "expire_date": "2023-11-27T09:51:14.727Z"}}, {"model": "sessions.session", "pk": "ev9cny94b0kakrn01iwb9nu1zrcazzrd", "fields": {"session_data": ".eJxVjEEOwiAQRe_C2hBKmSF16d4zkGEAqRpISrtqvLs06UK3773_d-FoW7PbWlzcHMRVDOLyyzzxK5ZDhCeVR5Vcy7rMXh6JPG2T9xri-3a2fweZWu5rywxGM04K9Yik0XsCBSOA7gjQxsQAFJWxoA3BYBPrRF6FiJ1N4vMFvK03CQ:1qyraj:9VhvUtxxixEYYMgLJP9QNhd0pzov-FY7ow3ToxLi0Tc", "expire_date": "2023-11-17T10:39:53.349Z"}}, {"model": "sessions.session", "pk": "jdy9suvmnd8n27am2ke4c7ddyjn1evkl", "fields": {"session_data": ".eJxVjEEOwiAQRe_C2hBKmSF16d4zkGEAqRpISrtqvLs06UK3773_d-FoW7PbWlzcHMRVDOLyyzzxK5ZDhCeVR5Vcy7rMXh6JPG2T9xri-3a2fweZWu5rywxGM04K9Yik0XsCBSOA7gjQxsQAFJWxoA3BYBPrRF6FiJ1N4vMFvK03CQ:1r1m4f:jXGQHwg-z60PA-a-5ZVPU9hcDxdyNE0lKC3wKev9pi4", "expire_date": "2023-11-25T11:22:49.279Z"}}, {"model": "sessions.session", "pk": "nj7f6s7jqhceai8cl2iwf289dfvwoazl", "fields": {"session_data": "eyJ1aWQiOiIzMyJ9:1r3vhC:pevgB44szxWuQpDmNQIbmDfRIGJjs-hE1rjLjlhfskY", "expire_date": "2023-12-01T10:03:30.563Z"}}, {"model": "sessions.session", "pk": "nzmkmwjybu8zxmjh8pq233mz99742qki", "fields": {"session_data": "eyJfc2Vzc2lvbl9pbml0X3RpbWVzdGFtcF8iOjE3MDAzMTQ1NzkuMjQ4ODk2Nn0:1r4LUh:Tr254UTAb1dRpBBT6TjP2tLvPepXLkPeaPnC1PxEZ-A", "expire_date": "2023-12-02T13:36:19.270Z"}}, {"model": "sessions.session", "pk": "qk4scsxrnomc7u2sfmljz4pcfpxhd1tm", "fields": {"session_data": "e30:1r2tCD:_t_sOBFbjhW7r7h3_29C3jlROcO3xs2WCLskhhLMvAQ", "expire_date": "2023-11-28T13:11:13.476Z"}}, {"model": "sessions.session", "pk": "vlknokgyfps8wev5yxhyre3e4rnk2lg2", "fields": {"session_data": ".eJxVjDsOwjAQBe_iGlmO1z8o6XMGa73e4ACypTipEHeHSCmgfTPzXiLitpa4dV7inMVFAIjT75iQHlx3ku9Yb01Sq-syJ7kr8qBdji3z83q4fwcFe_nWBMRsklPaIFuvFKQwOQiOJm00DMaeDSfLObDyxrugB7TZUsaQlAYW7w8BmzfO:1r37Xy:Tby-Ae8jyzjikaQyhfR0ZD1y_tOrTKO1od9tJ9ryf9U", "expire_date": "2023-11-29T04:30:38.431Z"}}]
